{
  "total_tests": 5,
  "passed_tests": 5,
  "success_rate": 1.0,
  "total_time": 0.02338409423828125,
  "timestamp": "2025-09-10T21:44:29.587734"
}