{
  "total_tests": 5,
  "passed_tests": 5,
  "success_rate": 1.0,
  "total_time": 0.019014835357666016,
  "timestamp": "2025-09-10T22:55:21.875985"
}